What  box can be found in ruins,What can be found in box,,Animals on Emberland,What can you get when killing after animals,,Barrels and drop boxes that can be found by roadside,resources that can be found in barrels and drop boxes
Basic Weapon Box,Gun Part,,Bear,Meat,,Blue Barrel,Scrap
,Spring,,,Hide,,,Cogwheel
,Fuse,,,Bone,,,Glass Fragment
,Dynamite Bundle,,Fox,Meat,,,Chip
,Frag Grenade,,,Hide,,,Spring
,Hide Helmet,,,Bone,,,Glue
,Hide Armor,,Stag,Meat,,,Rubbing Alcohol
,Hide Legguards,,,Hide,,Yellow Barrel,Scrap
,12-Gauge Shell,,,Bone,,,Cogwheel
,9mm Ammo,,Deer,Meat,,,Glass Fragment
,7.62mm Ammo,,,Hide,,,Chip
,Red Dot Sight,,,Bone,,,Spring
,M1897,,Horse,Meat,,,Glue
,PPSh-41,,,Hide,,,Rubbing Alcohol
,Kar98K,,,Bone,,,12-Gauge Shell
Weapon Box,Precision gun part,,Rabbit,Meat,,,9mm Ammo
,Spring,,,Hide,,,7.62mm Ammo
,Gun Body,,,Bone,,Red Barrel,Crude Oil
,12-Gauge Shell,,Chicken,Meat,,Drop Box,Gun Part
,9mm Ammo,,,Egg,,,Spring
,5.56mm Ammo,,,Bone,,,Cogwheel
,7.62mm Ammo,,Boar,Meat,,,Glass Fragment
,Frag Grenade,,,Hide,,,Chip
,Smoke Grenade,,,Bone,,,Glue
,Flashbang,,Elephant,Meat,,,Rubbing Alcohol
,Chip,,,Hide,,,Scrap
,Dynamite Tube,,,Bone,,,Chip
,C4,,Lion,Meat,,,Steel Slag
,Iron Helmet,,,Hide,,,Wooden Club
,Iron Armor,,,Bone,,,Iron Axe
,Iron Legguards,,Lioness,Meat,,,Iron Pickaxe
,Red Dot Sight,,,Hide,,,Iron Machete
,4x Scope,,,Bone,,,Bandage
,Browning 27,,Cow,Meat,,,Grilled Corn
,MPX,,,Hide,,,Honeysuckle Tea
,AKM,,,Bone,,,Mushroom Soup
,M4A1,,Pig,Meat,,,Moonshine
,Ameli,,,Hide,,,Pumpkin Bread
,M700,,,Bone,,,Tomato Omelette
Elite Weapon Box,Receiver,,,,,,Boiled Egg
,Precision gun part,,,,,,Corn Bread
,Spring,,,,,,Egg and Tomato Soup
,Gun Body,,,,,,
,12-Gauge Shell,,,,,,
,9mm Ammo,,,,,,
,7.62mm Ammo,,,,,,
,5.56mm Ammo,,,,,,
,Frag Grenade,,,,,,
,Smoke Grenade,,,,,,
,Flashbang,,,,,,
,Chip,,,,,,
,Dynamite Tube,,,,,,
,C4,,,,,,
,Steel Helmet,,,,,,
,Steel Armor,,,,,,
,Steel Legguards,,,,,,
,Red Dot Sight,,,,,,
,4x Scope,,,,,,
,RocketFuse,,,,,,
,Engine,,,,,,
,Browning 27,,,,,,
,MPX,,,,,,
,AKM,,,,,,
,M4A1,,,,,,
,M700,,,,,,
,Ameli,,,,,,
Code Vault\Trigger Vault,Ember,,,,,,
,Chip,,,,,,
,Dynamite Tube,,,,,,
,C4,,,,,,
,Precision gun part,,,,,,
,Spring,,,,,,
,Gun Body,,,,,,
,Engine,,,,,,
,Super Pressure Balloon,,,,,,
,Teleporter,,,,,,
,Browning 27,,,,,,
,12-Gauge Shell,,,,,,
,MPX,,,,,,
,9mm Ammo,,,,,,
,AKM,,,,,,
,7.62mm Ammo,,,,,,
,M4A1,,,,,,
,5.56mm Ammo,,,,,,
,M700,,,,,,
,Ameli,,,,,,
Basic Misc Box,Gun Part,,,,,,
,Spring,,,,,,
,Cogwheel,,,,,,
,Glass Fragment,,,,,,
,Chip,,,,,,
,Glue,,,,,,
,Rubbing Alcohol,,,,,,
,Scrap,,,,,,
,Fuse,,,,,,
,Chip,,,,,,
,Dynamite Bundle,,,,,,
,Dynamite Tube,,,,,,
,Fireplace,,,,,,
,Repair Plate,,,,,,
,Repair Station,,,,,,
,Wooden Barricade,,,,,,
,Spike Trap,,,,,,
,Fridge,,,,,,
,Wardrobe,,,,,,
,Hide Helmet,,,,,,
,Hide Armor,,,,,,
,Hide Legguards,,,,,,
,Steel Slag,,,,,,
,Wooden Club,,,,,,
,Iron Axe,,,,,,
,Iron Pickaxe,,,,,,
,Iron Machete,,,,,,
,Bandage,,,,,,
,Herbs,,,,,,
,Grilled Corn,,,,,,
,Honeysuckle Tea,,,,,,
,Mushroom Soup,,,,,,
,Moonshine,,,,,,
,Pumpkin Bread,,,,,,
,Tomato Omelette,,,,,,
,Boiled Egg,,,,,,
,Corn Bread,,,,,,
,Egg and Tomato Soup,,,,,,
Misc Box,Precision gun part,,,,,,
,Spring,,,,,,
,Gun Body,,,,,,
,Cogwheel,,,,,,
,Glass Fragment,,,,,,
,Chip,,,,,,
,Glue,,,,,,
,Rubbing Alcohol,,,,,,
,Scrap,,,,,,
,Chip,,,,,,
,Dynamite Tube,,,,,,
,Fireplace,,,,,,
,Repair Plate,,,,,,
,Repair Station,,,,,,
,Wooden Barricade,,,,,,
,Spike Trap,,,,,,
,Fridge,,,,,,
,Wardrobe,,,,,,
,Large Storage Box,,,,,,
,Weapon Storage Box,,,,,,
,Rotary Furnace,,,,,,
,Fluidized Bed Reactor,,,,,,
,Iron Attic Ladder,,,,,,
,Iron Tri. Attic Ladder,,,,,,
,Iron Net Floor,,,,,,
,Iron Garage Door,,,,,,
,Iron Barricade,,,,,,
,Claymore Mine,,,,,,
,Fuel Generator,,,,,,
,Wind Turbine,,,,,,
,Solar Panel,,,,,,
,Hide Helmet,,,,,,
,Hide Armor,,,,,,
,Hide Legguards,,,,,,
,Iron Helmet,,,,,,
,Iron Armor,,,,,,
,Iron Legguards,,,,,,
,Steel Slag,,,,,,
,Wooden Club,,,,,,
,Iron Axe,,,,,,
,Iron Pickaxe,,,,,,
,Iron Machete,,,,,,
,Steel Axe,,,,,,
,Steel Pickaxe,,,,,,
,Steel Machete,,,,,,
,Bandage,,,,,,
,Herbs,,,,,,
,Syringe,,,,,,
,Grilled Meat,,,,,,
,BBQ Platter,,,,,,
,Bacon and Eggs,,,,,,
,Pumpkin Pie,,,,,,
,Steak,,,,,,
,Stewed Meat,,,,,,
,Pumpkin Cheese Cake,,,,,,
Elite Misc Box,Precision gun part,,,,,,
,Spring,,,,,,
,Gun Body,,,,,,
,Cogwheel,,,,,,
,Glass Fragment,,,,,,
,Glue,,,,,,
,Rubbing Alcohol,,,,,,
,Scrap,,,,,,
,Chip,,,,,,
,Dynamite Tube,,,,,,
,Fireplace,,,,,,
,Repair Plate,,,,,,
,Repair Station,,,,,,
,Wooden Barricade,,,,,,
,Spike Trap,,,,,,
,Fridge,,,,,,
,Wardrobe,,,,,,
,Large Storage Box,,,,,,
,Weapon Storage Box,,,,,,
,Rotary Furnace,,,,,,
,Fluidized Bed Reactor,,,,,,
,Iron Attic Ladder,,,,,,
,Iron Tri. Attic Ladder,,,,,,
,Iron Net Floor,,,,,,
,Iron Garage Door,,,,,,
,Iron Barricade,,,,,,
,Claymore Mine,,,,,,
,Fuel Generator,,,,,,
,Storage Battery,,,,,,
,Steel Attic Ladder,,,,,,
,Steel Tri. Attic Ladder,,,,,,
,Steel Net Floor,,,,,,
,Steel Garage Door,,,,,,
,Steel Net Floor,,,,,,
,Rifle Turret,,,,,,
,Wind Turbine,,,,,,
,Solar Panel,,,,,,
,Iron Helmet,,,,,,
,Iron Armor,,,,,,
,Iron Legguards,,,,,,
,Steel Helmet,,,,,,
,Steel Armor,,,,,,
,Steel Legguards,,,,,,
,Steel Slag,,,,,,
,Steel Axe,,,,,,
,Steel Pickaxe,,,,,,
,Steel Machete,,,,,,
,Herbs,,,,,,
,Syringe,,,,,,
,First Aid Kit,,,,,,
,Grilled Meat,,,,,,
,BBQ Platter,,,,,,
,Bacon and Eggs,,,,,,
,Pumpkin Pie,,,,,,
,Steak,,,,,,
,Stewed Meat,,,,,,
,Pumpkin Cheese Cake,,,,,,
,Hot Dog,,,,,,
Basic Facility Box,Fridge,,,,,,
,Wardrobe,,,,,,
,Fireplace,,,,,,
,Repair Plate,,,,,,
,Repair Station,,,,,,
,Wooden Barricade,,,,,,
,Spike Trap,,,,,,
,Stone Barricade,,,,,,
,Iron Barricade,,,,,,
,Scrap,,,,,,
Facility Box,Fridge,,,,,,
,Wardrobe,,,,,,
,Large Storage Box,,,,,,
,Weapon Storage Box,,,,,,
,Fireplace,,,,,,
,Repair Plate,,,,,,
,Repair Station,,,,,,
,Rotary Furnace,,,,,,
,Steel Furnace,,,,,,
,Fluidized Bed Reactor,,,,,,
,Oil Refiner,,,,,,
,Fuel Generator,,,,,,
,Storage Battery,,,,,,
,Wind Turbine,,,,,,
,Solar Panel,,,,,,
,Wooden Barricade,,,,,,
,Spike Trap,,,,,,
,Stone Barricade,,,,,,
,Iron Barricade,,,,,,
,Claymore Mine,,,,,,
,Iron Attic Ladder,,,,,,
,Iron Tri. Attic Ladder,,,,,,
,Iron Net Floor,,,,,,
,Iron Garage Door,,,,,,
,Iron Barbed Wire,,,,,,
,Vert Iron Bars,,,,,,
,Scrap,,,,,,
Elite Facility Box,Fridge,,,,,,
,Wardrobe,,,,,,
,Large Storage Box,,,,,,
,Weapon Storage Box,,,,,,
,Repair Plate,,,,,,
,Repair Station,,,,,,
,Rotary Furnace,,,,,,
,Steel Furnace,,,,,,
,Fluidized Bed Reactor,,,,,,
,Oil Refiner,,,,,,
,Fuel Generator,,,,,,
,Storage Battery,,,,,,
,Wind Turbine,,,,,,
,Solar Panel,,,,,,
,Iron Barricade,,,,,,
,Claymore Mine,,,,,,
,Steel Net Floor,,,,,,
,Rifle Turret,,,,,,
,Iron Attic Ladder,,,,,,
,Iron Tri. Attic Ladder,,,,,,
,Iron Net Floor,,,,,,
,Iron Garage Door,,,,,,
,Iron Barbed Wire,,,,,,
,Vert Iron Bars,,,,,,
,Steel Attic Ladder,,,,,,
,Steel Tri. Attic Ladder,,,,,,
,Steel Net Floor,,,,,,
,Steel Garage Door,,,,,,
,Steel Barbed Wire,,,,,,
,Vert Steel Bars,,,,,,
,Scrap,,,,,,
Basic Part Box,Cogwheel,,,,,,
,Scrap,,,,,,
,Glass Fragment,,,,,,
,Scrap,,,,,,
,Spring,,,,,,
,Scrap,,,,,,
,Cogwheel,,,,,,
,Glass Fragment,,,,,,
,Chip,,,,,,
,Spring,,,,,,
,Glue,,,,,,
,Rubbing Alcohol,,,,,,
,Scrap,,,,,,
Part Box,Cogwheel,,,,,,
,Glass Fragment,,,,,,
,Chip,,,,,,
,Spring,,,,,,
,Glue,,,,,,
,Rubbing Alcohol,,,,,,
,Scrap,,,,,,
Elite Part Box,Cogwheel,,,,,,
,Glass Fragment,,,,,,
,Chip,,,,,,
,Spring,,,,,,
,Glue,,,,,,
,Rubbing Alcohol,,,,,,
,Scrap,,,,,,
Basic Medicine Box,Bandage,,,,,,
,Herbs,,,,,,
Medicine Box,Bandage,,,,,,
,Herbs,,,,,,
,Syringe,,,,,,
Elite Medicine Box,Herbs,,,,,,
,Syringe,,,,,,
,First Aid Kit,,,,,,
Basic Food Box,Grilled Corn,,,,,,
,Honeysuckle Tea,,,,,,
,Mushroom Soup,,,,,,
,Moonshine,,,,,,
,Pumpkin Bread,,,,,,
,Tomato Omelette,,,,,,
,Boiled Egg,,,,,,
,Corn Bread,,,,,,
,Egg and Tomato Soup,,,,,,
Food Box,Grilled Meat,,,,,,
,BBQ Platter,,,,,,
,Bacon and Eggs,,,,,,
,Pumpkin Pie,,,,,,
,Steak,,,,,,
,Stewed Meat,,,,,,
,Pumpkin Cheese Cake,,,,,,
Elite Food Box,Grilled Meat,,,,,,
,BBQ Platter,,,,,,
,Bacon and Eggs,,,,,,
,Pumpkin Pie,,,,,,
,Steak,,,,,,
,Stewed Meat,,,,,,
,Pumpkin Cheese Cake,,,,,,
,Hot Dog,,,,,,